cover-orange-gangsters.html,https://class811.github.io/g20/cover-orange-gangsters
tingly-pyramid-solitaire.html,https://class811.github.io/g20/tingly-pyramid-solitaire
forgotten-hill-the-wardrobe.html,https://class811.github.io/g22/forgotten-hill-the-wardrobe
bullet-bros.html,https://class811.github.io/g69/bullet-bros
idle-cowshed.html,https://class811.github.io/g69/idle-cowshed
spot-the-differences.html,https://class811.github.io/g69/spot-the-differences
9-ball-pool.html,https://class811.github.io/g74/9-ball-pool
snake-cool.html,https://class811.github.io/g74/snake-cool
crazy-bikes.html,https://class811.github.io/g97/crazy-bikes
free-kick-screamers.html,https://class811.github.io/g97/free-kick-screamers
magic-bridge.html,https://class811.github.io/g97/magic-bridge
pond-race.html,https://class811.github.io/g97/pond-race
10-minutes-till-dawn.html,https://classroom6x.gitlab.io/10-minutes-till-dawn/
11-11.html,https://classroom6x.gitlab.io/11-11/
12-minibattles.html,https://classroom6x.gitlab.io/12-minibattles/
12-mini-battles-2.html,https://classroom6x.gitlab.io/12-mini-battles-2/
18-wheeler-cargo-simulator.html,https://classroom6x.gitlab.io/18-wheeler-cargo-simulator/
1v1-lol.html,https://classroom6x.gitlab.io/1v1-lol/
1v1-lol-offline.html,https://classroom6x.gitlab.io/1v1-lol-offline/
2048.html,https://classroom6x.gitlab.io/2048/
2048-multitask.html,https://classroom6x.gitlab.io/2048-multitask/
2-minute-football.html,https://classroom6x.gitlab.io/2-minute-football/
3d-car-simulator.html,https://classroom6x.gitlab.io/3d-car-simulator/
3d-monster-truck-skyroads.html,https://classroom6x.gitlab.io/3d-monster-truck-skyroads/
3d-moto-simulator-2.html,https://classroom6x.gitlab.io/3d-moto-simulator-2/
4th-and-goal-2022.html,https://classroom6x.gitlab.io/4th-and-goal-2022/
4x4-drive-offroad.html,https://classroom6x.gitlab.io/4x4-drive-offroad/
8-ball-pool.html,https://classroom6x.gitlab.io/8-ball-pool/
8bit-fiesta.html,https://classroom6x.gitlab.io/8bit-fiesta/
9-balls-pool.html,https://classroom6x.gitlab.io/9-balls-pool/
a-dance-of-fire-and-ice.html,https://classroom6x.gitlab.io/a-dance-of-fire-and-ice/
adventure-drivers.html,https://classroom6x.gitlab.io/adventure-drivers/
air-hockey-championship-deluxe.html,https://classroom6x.gitlab.io/air-hockey-championship-deluxe/
aliens-nest.html,https://classroom6x.gitlab.io/aliens-nest/
amazing-bubble-breaker.html,https://classroom6x.gitlab.io/amazing-bubble-breaker/
amazing-bubble-connect.html,https://classroom6x.gitlab.io/amazing-bubble-connect/
among-us.html,https://classroom6x.gitlab.io/among-us/
animal-arena.html,https://classroom6x.gitlab.io/animal-arena/
ape-sling.html,https://classroom6x.gitlab.io/ape-sling/
a-pretty-odd-bunny.html,https://classroom6x.gitlab.io/a-pretty-odd-bunny/
a-pretty-odd-bunny-roast-it.html,https://classroom6x.gitlab.io/a-pretty-odd-bunny-roast-it/
aqua-thrills.html,https://classroom6x.gitlab.io/aqua-thrills/
archer-master-3d-castle-defense.html,https://classroom6x.gitlab.io/archer-master-3d-castle-defense/
archery-world-tour.html,https://classroom6x.gitlab.io/archery-world-tour/
arithmetica.html,https://classroom6x.gitlab.io/arithmetica/
arrow-pathway.html,https://classroom6x.gitlab.io/arrow-pathway/
a-small-world-cup.html,https://classroom6x.gitlab.io/a-small-world-cup/
athletics-hero.html,https://classroom6x.gitlab.io/athletics-hero/
australian-patience.html,https://classroom6x.gitlab.io/australian-patience/
avalanche.html,https://classroom6x.gitlab.io/avalanche/
bacon-may-die.html,https://classroom6x.gitlab.io/bacon-may-die/
bad-ice-cream-2.html,https://classroom6x.gitlab.io/bad-ice-cream-2/
bad-ice-cream-3.html,https://classroom6x.gitlab.io/bad-ice-cream-3/
barbershop-inc.html,https://classroom6x.gitlab.io/barbershop-inc/
basket-and-ball.html,https://classroom6x.gitlab.io/basket-and-ball/
basketball-frvr.html,https://classroom6x.gitlab.io/basketball-frvr/
basketball-legends.html,https://classroom6x.gitlab.io/basketball-legends/
basketball-stars.html,https://classroom6x.gitlab.io/basketball-stars/
basket-bros.html,https://classroom6x.gitlab.io/basket-bros/
basket-champs.html,https://classroom6x.gitlab.io/basket-champs/
basket-random.html,https://classroom6x.gitlab.io/basket-random/
basket-swooshes.html,https://classroom6x.gitlab.io/basket-swooshes/
battle-golf.html,https://classroom6x.gitlab.io/battle-golf/
battle-wheels.html,https://classroom6x.gitlab.io/battle-wheels/
b-cubed.html,https://classroom6x.gitlab.io/b-cubed/
bearsus.html,https://classroom6x.gitlab.io/bearsus/
become-a-dentist.html,https://classroom6x.gitlab.io/become-a-dentist/
become-a-fashion-designer.html,https://classroom6x.gitlab.io/become-a-fashion-designer/
become-a-puppy-groomer.html,https://classroom6x.gitlab.io/become-a-puppy-groomer/
big-shot-boxing.html,https://classroom6x.gitlab.io/big-shot-boxing/
big-tall-small.html,https://classroom6x.gitlab.io/big-tall-small/
bike-trials-offroad-1.html,https://classroom6x.gitlab.io/bike-trials-offroad-1/
bike-trials-winter-1.html,https://classroom6x.gitlab.io/bike-trials-winter-1/
bike-trials-winter-2.html,https://classroom6x.gitlab.io/bike-trials-winter-2/
bird-jumper.html,https://classroom6x.gitlab.io/bird-jumper/
bitlife.html,https://classroom6x.gitlab.io/bitlife/
blobby-clicker.html,https://classroom6x.gitlab.io/blobby-clicker/
blob-drop.html,https://classroom6x.gitlab.io/blob-drop/
blockins.html,https://classroom6x.gitlab.io/blockins/
block-the-pig.html,https://classroom6x.gitlab.io/block-the-pig/
blocky-cars.html,https://classroom6x.gitlab.io/blocky-cars/
blocky-trials.html,https://classroom6x.gitlab.io/blocky-trials/
blood-drift.html,https://classroom6x.gitlab.io/blood-drift/
bloons-tower-defense-1.html,https://classroom6x.gitlab.io/bloons-tower-defense-1/
blue.html,https://classroom6x.gitlab.io/blue/
blumgi-ball.html,https://classroom6x.gitlab.io/blumgi-ball/
blumgi-bloom.html,https://classroom6x.gitlab.io/blumgi-bloom/
blumgi-castle.html,https://classroom6x.gitlab.io/blumgi-castle/
blumgi-dragon.html,https://classroom6x.gitlab.io/blumgi-dragon/
blumgi-rocket.html,https://classroom6x.gitlab.io/blumgi-rocket/
blumgi-slime.html,https://classroom6x.gitlab.io/blumgi-slime/
bob-the-robber-4.html,https://classroom6x.gitlab.io/bob-the-robber-4/
bomber-royale.html,https://classroom6x.gitlab.io/bomber-royale/
bottle-flip.html,https://classroom6x.gitlab.io/bottle-flip/
bouncy-basketball.html,https://classroom6x.gitlab.io/bouncy-basketball/
bowling-stars.html,https://classroom6x.gitlab.io/bowling-stars/
boxing-fighter-shadow-battle.html,https://classroom6x.gitlab.io/boxing-fighter-shadow-battle/
boxing-physics-2.html,https://classroom6x.gitlab.io/boxing-physics-2/
boxing-random.html,https://classroom6x.gitlab.io/boxing-random/
box-kid-puzzles.html,https://classroom6x.gitlab.io/box-kid-puzzles/
boxrob.html,https://classroom6x.gitlab.io/boxrob/
boxrob-2.html,https://classroom6x.gitlab.io/boxrob-2/
boxrob-3.html,https://classroom6x.gitlab.io/boxrob-3/
brain-dozer.html,https://classroom6x.gitlab.io/brain-dozer/
brain-test-2-tricky-stories.html,https://classroom6x.gitlab.io/brain-test-2-tricky-stories/
brain-test-3-tricky-quests.html,https://classroom6x.gitlab.io/brain-test-3-tricky-quests/
brain-test-4-tricky-friends.html,https://classroom6x.gitlab.io/brain-test-4-tricky-friends/
brain-test-tricky-puzzles.html,https://classroom6x.gitlab.io/brain-test-tricky-puzzles/
breaking-the-bank.html,https://classroom6x.gitlab.io/breaking-the-bank/
bubbles-cool.html,https://classroom6x.gitlab.io/bubbles-cool/
bubble-shooter.html,https://classroom6x.gitlab.io/bubble-shooter/
bubble-trouble.html,https://classroom6x.gitlab.io/bubble-trouble/
bubble-trouble-3.html,https://classroom6x.gitlab.io/bubble-trouble-3/
bullet-bro.html,https://classroom6x.gitlab.io/bullet-bro/
bullet-force.html,https://classroom6x.gitlab.io/bullet-force/
bumper-cars-soccer.html,https://classroom6x.gitlab.io/bumper-cars-soccer/
bumpy-jumpy.html,https://classroom6x.gitlab.io/bumpy-jumpy/
bunny-hop.html,https://classroom6x.gitlab.io/bunny-hop/
burger-bounty.html,https://classroom6x.gitlab.io/burger-bounty/
burnin-rubber-5-xs.html,https://classroom6x.gitlab.io/burnin-rubber-5-xs/
burnin-rubber-crash-n-burn.html,https://classroom6x.gitlab.io/burnin-rubber-crash-n-burn/
burnout-drift-seaport-max.html,https://classroom6x.gitlab.io/burnout-drift-seaport-max/
burnout-extreme-drift-2.html,https://classroom6x.gitlab.io/burnout-extreme-drift-2/
burrito-bison.html,https://classroom6x.gitlab.io/burrito-bison/
candy-jump.html,https://classroom6x.gitlab.io/candy-jump/
car-climb-racing.html,https://classroom6x.gitlab.io/car-climb-racing/
car-drift-racers-2.html,https://classroom6x.gitlab.io/car-drift-racers-2/
car-eats-car-winter-adventure.html,https://classroom6x.gitlab.io/car-eats-car-winter-adventure/
car-rush.html,https://classroom6x.gitlab.io/car-rush/
car-simulator-arena.html,https://classroom6x.gitlab.io/car-simulator-arena/
cars-thief.html,https://classroom6x.gitlab.io/cars-thief/
cars-thief-tank-edition.html,https://classroom6x.gitlab.io/cars-thief-tank-edition/
casual-chess.html,https://classroom6x.gitlab.io/casual-chess/
catch-the-candy-html5.html,https://classroom6x.gitlab.io/catch-the-candy-html5/
cat-gunner-super-zombie-shoot.html,https://classroom6x.gitlab.io/cat-gunner-super-zombie-shoot/
catpad.html,https://classroom6x.gitlab.io/catpad/
cat-room-blast.html,https://classroom6x.gitlab.io/cat-room-blast/
cats.html,https://classroom6x.gitlab.io/cats/
cats-love-cake.html,https://classroom6x.gitlab.io/cats-love-cake/
cats-love-cake-2.html,https://classroom6x.gitlab.io/cats-love-cake-2/
cat-trap.html,https://classroom6x.gitlab.io/cat-trap/
cave-blast.html,https://classroom6x.gitlab.io/cave-blast/
chicken-merge.html,https://classroom6x.gitlab.io/chicken-merge/
chicken-sword-ninja-master.html,https://classroom6x.gitlab.io/chicken-sword-ninja-master/
chicky-farm.html,https://classroom6x.gitlab.io/chicky-farm/
circloo-2.html,https://classroom6x.gitlab.io/circloo-2/
city-bike-stunt-2.html,https://classroom6x.gitlab.io/city-bike-stunt-2/
city-car-driving-stunt-master.html,https://classroom6x.gitlab.io/city-car-driving-stunt-master/
city-rider.html,https://classroom6x.gitlab.io/city-rider/
clash-of-tanks.html,https://classroom6x.gitlab.io/clash-of-tanks/
cluster-rush.html,https://classroom6x.gitlab.io/cluster-rush/
coffee-shop.html,https://classroom6x.gitlab.io/coffee-shop/
color-switch.html,https://classroom6x.gitlab.io/color-switch/
color-tunnel-2.html,https://classroom6x.gitlab.io/color-tunnel-2/
colorup.html,https://classroom6x.gitlab.io/colorup/
cookie-clicker.html,https://classroom6x.gitlab.io/cookie-clicker/
cooking-fast.html,https://classroom6x.gitlab.io/cooking-fast/
cooking-fast-halloween.html,https://classroom6x.gitlab.io/cooking-fast-halloween/
cosmos-lines.html,https://classroom6x.gitlab.io/cosmos-lines/
court-kings-3d.html,https://classroom6x.gitlab.io/court-kings-3d/
cow-bay.html,https://classroom6x.gitlab.io/cow-bay/
cozy-room-design.html,https://classroom6x.gitlab.io/cozy-room-design/
craftomation-1.html,https://classroom6x.gitlab.io/craftomation-1/
crazy-cars.html,https://classroom6x.gitlab.io/crazy-cars/
crazy-tunnel-3d.html,https://classroom6x.gitlab.io/crazy-tunnel-3d/
cricket-world-cup.html,https://classroom6x.gitlab.io/cricket-world-cup/
crossy-road.html,https://classroom6x.gitlab.io/crossy-road/
crown-guard.html,https://classroom6x.gitlab.io/crown-guard/
cubes-king.html,https://classroom6x.gitlab.io/cubes-king/
cubies.html,https://classroom6x.gitlab.io/cubies/
cubito-mayhem.html,https://classroom6x.gitlab.io/cubito-mayhem/
curve-ball-3d.html,https://classroom6x.gitlab.io/curve-ball-3d/
cyber-cars-punk-racing.html,https://classroom6x.gitlab.io/cyber-cars-punk-racing/
daddy-long-legs.html,https://classroom6x.gitlab.io/daddy-long-legs/
dadish.html,https://classroom6x.gitlab.io/dadish/
dadish-3d.html,https://classroom6x.gitlab.io/dadish-3d/
dana-relics-for-sale.html,https://classroom6x.gitlab.io/dana-relics-for-sale/
dark-runner.html,https://classroom6x.gitlab.io/dark-runner/
darts-pro.html,https://classroom6x.gitlab.io/darts-pro/
dead-paradise-race-shooter.html,https://classroom6x.gitlab.io/dead-paradise-race-shooter/
death-chase.html,https://classroom6x.gitlab.io/death-chase/
death-run-3d.html,https://classroom6x.gitlab.io/death-run-3d/
deepest-sword.html,https://classroom6x.gitlab.io/deepest-sword/
deer-simulator.html,https://classroom6x.gitlab.io/deer-simulator/
demolition-derby-crash-racing.html,https://classroom6x.gitlab.io/demolition-derby-crash-racing/
descent.html,https://classroom6x.gitlab.io/descent/
detective-dan.html,https://classroom6x.gitlab.io/detective-dan/
detective-loupe-puzzle.html,https://classroom6x.gitlab.io/detective-loupe-puzzle/
digging-master.html,https://classroom6x.gitlab.io/digging-master/
dino-bros.html,https://classroom6x.gitlab.io/dino-bros/
dinosaur-game.html,https://classroom6x.gitlab.io/dinosaur-game/
doctor-hero.html,https://classroom6x.gitlab.io/doctor-hero/
doctor-teeth-2.html,https://classroom6x.gitlab.io/doctor-teeth-2/
doge-miner.html,https://classroom6x.gitlab.io/doge-miner/
dog-simulator-3d.html,https://classroom6x.gitlab.io/dog-simulator-3d/
doodle-champion-island.html,https://classroom6x.gitlab.io/doodle-champion-island/
doodle-jump.html,https://classroom6x.gitlab.io/doodle-jump/
double-panda.html,https://classroom6x.gitlab.io/double-panda/
dragon-simulator-3d.html,https://classroom6x.gitlab.io/dragon-simulator-3d/
draw-the-hill.html,https://classroom6x.gitlab.io/draw-the-hill/
dreadhead-parkour.html,https://classroom6x.gitlab.io/dreadhead-parkour/
dress-up-the-lovely-princess.html,https://classroom6x.gitlab.io/dress-up-the-lovely-princess/
drift-boss.html,https://classroom6x.gitlab.io/drift-boss/
drift-hunters.html,https://classroom6x.gitlab.io/drift-hunters/
driftwave.html,https://classroom6x.gitlab.io/driftwave/
drive-mad.html,https://classroom6x.gitlab.io/drive-mad/
drunken-duel.html,https://classroom6x.gitlab.io/drunken-duel/
dubai-police-parking-2.html,https://classroom6x.gitlab.io/dubai-police-parking-2/
duck-life.html,https://classroom6x.gitlab.io/duck-life/
duck-life-2.html,https://classroom6x.gitlab.io/duck-life-2/
duck-life-2-world-champion.html,https://classroom6x.gitlab.io/duck-life-2-world-champion/
duck-life-3-evolution.html,https://classroom6x.gitlab.io/duck-life-3-evolution/
duck-life-4.html,https://classroom6x.gitlab.io/duck-life-4/
duck-life-battle.html,https://classroom6x.gitlab.io/duck-life-battle/
dunkbrush.html,https://classroom6x.gitlab.io/dunkbrush/
dunkers.html,https://classroom6x.gitlab.io/dunkers/
dunk-perfect.html,https://classroom6x.gitlab.io/dunk-perfect/
duo-survival.html,https://classroom6x.gitlab.io/duo-survival/
duo-survival-2.html,https://classroom6x.gitlab.io/duo-survival-2/
duo-survival-3.html,https://classroom6x.gitlab.io/duo-survival-3/
duo-vikings-2.html,https://classroom6x.gitlab.io/duo-vikings-2/
duo-vikings-3.html,https://classroom6x.gitlab.io/duo-vikings-3/
dyna-boy.html,https://classroom6x.gitlab.io/dyna-boy/
earn-to-die.html,https://classroom6x.gitlab.io/earn-to-die/
eggbot-vs-zombies.html,https://classroom6x.gitlab.io/eggbot-vs-zombies/
eggy-car.html,https://classroom6x.gitlab.io/eggy-car/
elastic-man.html,https://classroom6x.gitlab.io/elastic-man/
electron-dash.html,https://classroom6x.gitlab.io/electron-dash/
element-blocks.html,https://classroom6x.gitlab.io/element-blocks/
eliza-mall-mania.html,https://classroom6x.gitlab.io/eliza-mall-mania/
energy.html,https://classroom6x.gitlab.io/energy/
escaping-the-prison.html,https://classroom6x.gitlab.io/escaping-the-prison/
eugenes-life.html,https://classroom6x.gitlab.io/eugenes-life/
evo-city-driving.html,https://classroom6x.gitlab.io/evo-city-driving/
extreme-car-driving-simulator.html,https://classroom6x.gitlab.io/extreme-car-driving-simulator/
extreme-off-road-cars.html,https://classroom6x.gitlab.io/extreme-off-road-cars/
extreme-off-road-cars-3-cargo.html,https://classroom6x.gitlab.io/extreme-off-road-cars-3-cargo/
factory-balls-forever.html,https://classroom6x.gitlab.io/factory-balls-forever/
fairy-dressup.html,https://classroom6x.gitlab.io/fairy-dressup/
fancy-pants.html,https://classroom6x.gitlab.io/fancy-pants/
fancy-pants-2.html,https://classroom6x.gitlab.io/fancy-pants-2/
fancy-pants-3.html,https://classroom6x.gitlab.io/fancy-pants-3/
farm-battles.html,https://classroom6x.gitlab.io/farm-battles/
fast-food-dumpster-adventure.html,https://classroom6x.gitlab.io/fast-food-dumpster-adventure/
fireboy-and-watergirl-1-forest-temple.html,https://classroom6x.gitlab.io/fireboy-and-watergirl-1-forest-temple/
fireboy-and-watergirl-2-light-temple.html,https://classroom6x.gitlab.io/fireboy-and-watergirl-2-light-temple/
fireboy-and-watergirl-3-ice-temple.html,https://classroom6x.gitlab.io/fireboy-and-watergirl-3-ice-temple/
fireboy-and-watergirl-4-crystal-temple.html,https://classroom6x.gitlab.io/fireboy-and-watergirl-4-crystal-temple/
fireboy-and-watergirl-5-elements.html,https://classroom6x.gitlab.io/fireboy-and-watergirl-5-elements/
fireboy-and-watergirl-6-fairy-tales.html,https://classroom6x.gitlab.io/fireboy-and-watergirl-6-fairy-tales/
fireboy-watergirl-3-ice-temple.html,https://classroom6x.gitlab.io/fireboy-watergirl-3-ice-temple/
fireboy-watergirl-6-fairy-tales.html,https://classroom6x.gitlab.io/fireboy-watergirl-6-fairy-tales/
flappy-bird-origin.html,https://classroom6x.gitlab.io/flappy-bird-origin/
fleeing-the-complex.html,https://classroom6x.gitlab.io/fleeing-the-complex/
flip-bros.html,https://classroom6x.gitlab.io/flip-bros/
flip-runner.html,https://classroom6x.gitlab.io/flip-runner/
flying-car-simulator.html,https://classroom6x.gitlab.io/flying-car-simulator/
fnf-b-sides.html,https://classroom6x.gitlab.io/fnf-b-sides/
fnf-hatsune-miku.html,https://classroom6x.gitlab.io/fnf-hatsune-miku/
fnf-shaggy-matt.html,https://classroom6x.gitlab.io/fnf-shaggy-matt/
fnf-xe.html,https://classroom6x.gitlab.io/fnf-xe/
football-blitz.html,https://classroom6x.gitlab.io/football-blitz/
football-legends.html,https://classroom6x.gitlab.io/football-legends/
football-masters.html,https://classroom6x.gitlab.io/football-masters/
football-penalty-champions.html,https://classroom6x.gitlab.io/football-penalty-champions/
foot-chinko.html,https://classroom6x.gitlab.io/foot-chinko/
forgotten-hill-the-wardrobe-3.html,https://classroom6x.gitlab.io/forgotten-hill-the-wardrobe-3/
fortride-open-world.html,https://classroom6x.gitlab.io/fortride-open-world/
fortz.html,https://classroom6x.gitlab.io/fortz/
four-in-a-row.html,https://classroom6x.gitlab.io/four-in-a-row/
fox-simulator-3d.html,https://classroom6x.gitlab.io/fox-simulator-3d/
free-kick-shooter.html,https://classroom6x.gitlab.io/free-kick-shooter/
free-the-key.html,https://classroom6x.gitlab.io/free-the-key/
friday-night-funkin-b-sides.html,https://classroom6x.gitlab.io/friday-night-funkin-b-sides/
friday-night-funkin-vs-hatsune-miku.html,https://classroom6x.gitlab.io/friday-night-funkin-vs-hatsune-miku/
fruit-ninja.html,https://classroom6x.gitlab.io/fruit-ninja/
funny-shooter-2.html,https://classroom6x.gitlab.io/funny-shooter-2/
furious-racing-3d.html,https://classroom6x.gitlab.io/furious-racing-3d/
fury-wars.html,https://classroom6x.gitlab.io/fury-wars/
game-of-farmers.html,https://classroom6x.gitlab.io/game-of-farmers/
gangster-contract-mafia-wars.html,https://classroom6x.gitlab.io/gangster-contract-mafia-wars/
geometry-dash.html,https://classroom6x.gitlab.io/geometry-dash/
getaway-shootout.html,https://classroom6x.gitlab.io/getaway-shootout/
goat-vs-zombies.html,https://classroom6x.gitlab.io/goat-vs-zombies/
gobble.html,https://classroom6x.gitlab.io/gobble/
gobdun.html,https://classroom6x.gitlab.io/gobdun/
go-kart-go-ultra.html,https://classroom6x.gitlab.io/go-kart-go-ultra/
gold-digger-frvr.html,https://classroom6x.gitlab.io/gold-digger-frvr/
golf-champions.html,https://classroom6x.gitlab.io/golf-champions/
golfinity.html,https://classroom6x.gitlab.io/golfinity/
grand-prix-hero.html,https://classroom6x.gitlab.io/grand-prix-hero/
grindcraft.html,https://classroom6x.gitlab.io/grindcraft/
growmi.html,https://classroom6x.gitlab.io/growmi/
g-switch-3.html,https://classroom6x.gitlab.io/g-switch-3/
g-switch-4.html,https://classroom6x.gitlab.io/g-switch-4/
gun-mayhem.html,https://classroom6x.gitlab.io/gun-mayhem/
gun-mayhem-2.html,https://classroom6x.gitlab.io/gun-mayhem-2/
gun-mayhem-3.html,https://classroom6x.gitlab.io/gun-mayhem-3/
gunspin.html,https://classroom6x.gitlab.io/gunspin/
hammer-2-reloaded.html,https://classroom6x.gitlab.io/hammer-2-reloaded/
heads-arena-soccer-all-stars.html,https://classroom6x.gitlab.io/heads-arena-soccer-all-stars/
head-soccer-2023.html,https://classroom6x.gitlab.io/head-soccer-2023/
heart-star.html,https://classroom6x.gitlab.io/heart-star/
heart-star-html5.html,https://classroom6x.gitlab.io/heart-star-html5/
hextris.html,https://classroom6x.gitlab.io/hextris/
hide-and-smash.html,https://classroom6x.gitlab.io/hide-and-smash/
highway-bike-simulator.html,https://classroom6x.gitlab.io/highway-bike-simulator/
highway-racer-3d.html,https://classroom6x.gitlab.io/highway-racer-3d/
highway-rider-extreme.html,https://classroom6x.gitlab.io/highway-rider-extreme/
highway-traffic.html,https://classroom6x.gitlab.io/highway-traffic/
hills-of-steel.html,https://classroom6x.gitlab.io/hills-of-steel/
hoppenhelm.html,https://classroom6x.gitlab.io/hoppenhelm/
horse-shoeing.html,https://classroom6x.gitlab.io/horse-shoeing/
horse-simulator-3d.html,https://classroom6x.gitlab.io/horse-simulator-3d/
house-of-hazards.html,https://classroom6x.gitlab.io/house-of-hazards/
hover-racer.html,https://classroom6x.gitlab.io/hover-racer/
hover-racer-drive.html,https://classroom6x.gitlab.io/hover-racer-drive/
hypersnake.html,https://classroom6x.gitlab.io/hypersnake/
icy-purple-head-3.html,https://classroom6x.gitlab.io/icy-purple-head-3/
idle-ants.html,https://classroom6x.gitlab.io/idle-ants/
idle-digging-tycoon.html,https://classroom6x.gitlab.io/idle-digging-tycoon/
idle-gold-miner.html,https://classroom6x.gitlab.io/idle-gold-miner/
idle-lumber-inc.html,https://classroom6x.gitlab.io/idle-lumber-inc/
idle-mining-empire.html,https://classroom6x.gitlab.io/idle-mining-empire/
idle-startup-tycoon.html,https://classroom6x.gitlab.io/idle-startup-tycoon/
idle-zoo-safari-rescue.html,https://classroom6x.gitlab.io/idle-zoo-safari-rescue/
impossible-monster-truck-race.html,https://classroom6x.gitlab.io/impossible-monster-truck-race/
impossible-tic-tac-toe.html,https://classroom6x.gitlab.io/impossible-tic-tac-toe/
infinite-soccer.html,https://classroom6x.gitlab.io/infinite-soccer/
infinity-loop.html,https://classroom6x.gitlab.io/infinity-loop/
into-the-pit.html,https://classroom6x.gitlab.io/into-the-pit/
iron-snout.html,https://classroom6x.gitlab.io/iron-snout/
izowave-build-and-defend.html,https://classroom6x.gitlab.io/izowave-build-and-defend/
james-gun.html,https://classroom6x.gitlab.io/james-gun/
jamming-car-escape.html,https://classroom6x.gitlab.io/jamming-car-escape/
jelly-truck.html,https://classroom6x.gitlab.io/jelly-truck/
jetpack-joyride.html,https://classroom6x.gitlab.io/jetpack-joyride/
jigsaw-photo-puzzle-christmas.html,https://classroom6x.gitlab.io/jigsaw-photo-puzzle-christmas/
jollyworld.html,https://classroom6x.gitlab.io/jollyworld/
jump-and-hover.html,https://classroom6x.gitlab.io/jump-and-hover/
jumping-shell.html,https://classroom6x.gitlab.io/jumping-shell/
just-park-it-11.html,https://classroom6x.gitlab.io/just-park-it-11/
just-park-it-12.html,https://classroom6x.gitlab.io/just-park-it-12/
kart-race-3d.html,https://classroom6x.gitlab.io/kart-race-3d/
kart-wars.html,https://classroom6x.gitlab.io/kart-wars/
kawaii-dressup.html,https://classroom6x.gitlab.io/kawaii-dressup/
kix-dream-soccer.html,https://classroom6x.gitlab.io/kix-dream-soccer/
lands-of-blight.html,https://classroom6x.gitlab.io/lands-of-blight/
last-warriors.html,https://classroom6x.gitlab.io/last-warriors/
leader-strike.html,https://classroom6x.gitlab.io/leader-strike/
lemonade-stand.html,https://classroom6x.gitlab.io/lemonade-stand/
lethal-sniper-3d-army-soldier.html,https://classroom6x.gitlab.io/lethal-sniper-3d-army-soldier/
level-devil.html,https://classroom6x.gitlab.io/level-devil/
life-the-game.html,https://classroom6x.gitlab.io/life-the-game/
linebacker-alley-2.html,https://classroom6x.gitlab.io/linebacker-alley-2/
little-master-cricket.html,https://classroom6x.gitlab.io/little-master-cricket/
lovely-fox.html,https://classroom6x.gitlab.io/lovely-fox/
ludo-hero.html,https://classroom6x.gitlab.io/ludo-hero/
ludo-multiplayer.html,https://classroom6x.gitlab.io/ludo-multiplayer/
lurkers-io.html,https://classroom6x.gitlab.io/lurkers-io/
madalin-stunt-cars-2.html,https://classroom6x.gitlab.io/madalin-stunt-cars-2/
madalin-stunt-cars-3.html,https://classroom6x.gitlab.io/madalin-stunt-cars-3/
mad-day.html,https://classroom6x.gitlab.io/mad-day/
mad-truck-challenge-special.html,https://classroom6x.gitlab.io/mad-truck-challenge-special/
madzoong.html,https://classroom6x.gitlab.io/madzoong/
mafia-wars.html,https://classroom6x.gitlab.io/mafia-wars/
make-it-meme.html,https://classroom6x.gitlab.io/make-it-meme/
marble-dash.html,https://classroom6x.gitlab.io/marble-dash/
masked-forces.html,https://classroom6x.gitlab.io/masked-forces/
master-checkers.html,https://classroom6x.gitlab.io/master-checkers/
master-chess.html,https://classroom6x.gitlab.io/master-chess/
maze-path-of-light.html,https://classroom6x.gitlab.io/maze-path-of-light/
maze-planet-3d.html,https://classroom6x.gitlab.io/maze-planet-3d/
merge-cyber-racers.html,https://classroom6x.gitlab.io/merge-cyber-racers/
merge-party.html,https://classroom6x.gitlab.io/merge-party/
merge-round-racers.html,https://classroom6x.gitlab.io/merge-round-racers/
mermaid-dress-up.html,https://classroom6x.gitlab.io/mermaid-dress-up/
midnight-drive.html,https://classroom6x.gitlab.io/midnight-drive/
mimelet.html,https://classroom6x.gitlab.io/mimelet/
minecraft-builder.html,https://classroom6x.gitlab.io/minecraft-builder/
minesweeper.html,https://classroom6x.gitlab.io/minesweeper/
minibattles.html,https://classroom6x.gitlab.io/minibattles/
mini-guardians-castle-defense.html,https://classroom6x.gitlab.io/mini-guardians-castle-defense/
misland.html,https://classroom6x.gitlab.io/misland/
mob-city.html,https://classroom6x.gitlab.io/mob-city/
monkey-mart.html,https://classroom6x.gitlab.io/monkey-mart/
monsters-wheels-special.html,https://classroom6x.gitlab.io/monsters-wheels-special/
monster-tracks.html,https://classroom6x.gitlab.io/monster-tracks/
monster-truck-racing-arena.html,https://classroom6x.gitlab.io/monster-truck-racing-arena/
mosaic-puzzle-art.html,https://classroom6x.gitlab.io/mosaic-puzzle-art/
moto-maniac.html,https://classroom6x.gitlab.io/moto-maniac/
moto-maniac-2.html,https://classroom6x.gitlab.io/moto-maniac-2/
moto-road-rash-3d.html,https://classroom6x.gitlab.io/moto-road-rash-3d/
moto-space-racing-2-player.html,https://classroom6x.gitlab.io/moto-space-racing-2-player/
moto-trial-racing-2.html,https://classroom6x.gitlab.io/moto-trial-racing-2/
moto-x3m.html,https://classroom6x.gitlab.io/moto-x3m/
moto-x3m-2.html,https://classroom6x.gitlab.io/moto-x3m-2/
moto-x3m-pool-party.html,https://classroom6x.gitlab.io/moto-x3m-pool-party/
moto-x3m-spooky-land.html,https://classroom6x.gitlab.io/moto-x3m-spooky-land/
moto-x3m-winter.html,https://classroom6x.gitlab.io/moto-x3m-winter/
moving-truck-bounty.html,https://classroom6x.gitlab.io/moving-truck-bounty/
mowing-mazes.html,https://classroom6x.gitlab.io/mowing-mazes/
murder.html,https://classroom6x.gitlab.io/murder/
my-pony-my-little-race.html,https://classroom6x.gitlab.io/my-pony-my-little-race/
mystical-birdlink.html,https://classroom6x.gitlab.io/mystical-birdlink/
narrow-one.html,https://classroom6x.gitlab.io/narrow-one/
n-gon.html,https://classroom6x.gitlab.io/n-gon/
nightpoint-io.html,https://classroom6x.gitlab.io/nightpoint-io/
noob-drive.html,https://classroom6x.gitlab.io/noob-drive/
noob-hook.html,https://classroom6x.gitlab.io/noob-hook/
nuggetroyale-io.html,https://classroom6x.gitlab.io/nuggetroyale-io/
odd-bot-out.html,https://classroom6x.gitlab.io/odd-bot-out/
offroader-v5.html,https://classroom6x.gitlab.io/offroader-v5/
off-road-rain-cargo-simulator.html,https://classroom6x.gitlab.io/off-road-rain-cargo-simulator/
ooze-odyssey.html,https://classroom6x.gitlab.io/ooze-odyssey/
orbital-survival.html,https://classroom6x.gitlab.io/orbital-survival/
ovo.html,https://classroom6x.gitlab.io/ovo/
ovo-dimensions.html,https://classroom6x.gitlab.io/ovo-dimensions/
pack-a-bag.html,https://classroom6x.gitlab.io/pack-a-bag/
paint-strike.html,https://classroom6x.gitlab.io/paint-strike/
panda-bubble-shooter.html,https://classroom6x.gitlab.io/panda-bubble-shooter/
panda-simulator-3d.html,https://classroom6x.gitlab.io/panda-simulator-3d/
papas-donuteria.html,https://classroom6x.gitlab.io/papas-donuteria/
paper-fighter-3d.html,https://classroom6x.gitlab.io/paper-fighter-3d/
paper-io-2.html,https://classroom6x.gitlab.io/paper-io-2/
paper-minecraft.html,https://classroom6x.gitlab.io/paper-minecraft/
parking-fury.html,https://classroom6x.gitlab.io/parking-fury/
parking-fury-2.html,https://classroom6x.gitlab.io/parking-fury-2/
parking-fury-3d.html,https://classroom6x.gitlab.io/parking-fury-3d/
parking-fury-3d-beach-city.html,https://classroom6x.gitlab.io/parking-fury-3d-beach-city/
parking-fury-3d-bounty-hunter.html,https://classroom6x.gitlab.io/parking-fury-3d-bounty-hunter/
parking-fury-3d-night-thief.html,https://classroom6x.gitlab.io/parking-fury-3d-night-thief/
parkmania.html,https://classroom6x.gitlab.io/parkmania/
parkour-block-3d.html,https://classroom6x.gitlab.io/parkour-block-3d/
parkour-race.html,https://classroom6x.gitlab.io/parkour-race/
penalty-kick-online.html,https://classroom6x.gitlab.io/penalty-kick-online/
penalty-rivals.html,https://classroom6x.gitlab.io/penalty-rivals/
penalty-shooters-2.html,https://classroom6x.gitlab.io/penalty-shooters-2/
peppa-pig-basketball.html,https://classroom6x.gitlab.io/peppa-pig-basketball/
perfect-peel.html,https://classroom6x.gitlab.io/perfect-peel/
ping-pong-chaos.html,https://classroom6x.gitlab.io/ping-pong-chaos/
pixel-gun-survival.html,https://classroom6x.gitlab.io/pixel-gun-survival/
pixwars-2.html,https://classroom6x.gitlab.io/pixwars-2/
plactions.html,https://classroom6x.gitlab.io/plactions/
pony-dressup-2.html,https://classroom6x.gitlab.io/pony-dressup-2/
pool-club.html,https://classroom6x.gitlab.io/pool-club/
poor-bunny.html,https://classroom6x.gitlab.io/poor-bunny/
pop-it-master.html,https://classroom6x.gitlab.io/pop-it-master/
power-badminton.html,https://classroom6x.gitlab.io/power-badminton/
puppet-master.html,https://classroom6x.gitlab.io/puppet-master/
rabbit-samurai.html,https://classroom6x.gitlab.io/rabbit-samurai/
raft-wars.html,https://classroom6x.gitlab.io/raft-wars/
raft-wars-2.html,https://classroom6x.gitlab.io/raft-wars-2/
raft-wars-multiplayer.html,https://classroom6x.gitlab.io/raft-wars-multiplayer/
ragdoll-hit.html,https://classroom6x.gitlab.io/ragdoll-hit/
rally-champion.html,https://classroom6x.gitlab.io/rally-champion/
rally-point.html,https://classroom6x.gitlab.io/rally-point/
rally-point-3.html,https://classroom6x.gitlab.io/rally-point-3/
rally-point-5.html,https://classroom6x.gitlab.io/rally-point-5/
real-cars-in-city.html,https://classroom6x.gitlab.io/real-cars-in-city/
real-city-driving-2.html,https://classroom6x.gitlab.io/real-city-driving-2/
real-simulator-monster-truck.html,https://classroom6x.gitlab.io/real-simulator-monster-truck/
rebels-clash.html,https://classroom6x.gitlab.io/rebels-clash/
recoil.html,https://classroom6x.gitlab.io/recoil/
red-ball-4.html,https://classroom6x.gitlab.io/red-ball-4/
retro-bowl.html,https://classroom6x.gitlab.io/retro-bowl/
retro-highway.html,https://classroom6x.gitlab.io/retro-highway/
rocket-pult.html,https://classroom6x.gitlab.io/rocket-pult/
rocket-soccer-derby.html,https://classroom6x.gitlab.io/rocket-soccer-derby/
rodeo-stampede-savannah.html,https://classroom6x.gitlab.io/rodeo-stampede-savannah/
rolly-vortex.html,https://classroom6x.gitlab.io/rolly-vortex/
roly-poly-monsters.html,https://classroom6x.gitlab.io/roly-poly-monsters/
rooftop-snipers.html,https://classroom6x.gitlab.io/rooftop-snipers/
rooftop-snipers-2.html,https://classroom6x.gitlab.io/rooftop-snipers-2/
rowdy-city-wrestling.html,https://classroom6x.gitlab.io/rowdy-city-wrestling/
rowdy-wrestling.html,https://classroom6x.gitlab.io/rowdy-wrestling/
rree-kick-screamers.html,https://classroom6x.gitlab.io/rree-kick-screamers/
rugby-rush.html,https://classroom6x.gitlab.io/rugby-rush/
run-3-editor.html,https://classroom6x.gitlab.io/run-3-editor/
runman-race-around-the-world.html,https://classroom6x.gitlab.io/runman-race-around-the-world/
running-fred.html,https://classroom6x.gitlab.io/running-fred/
rusher-crusher.html,https://classroom6x.gitlab.io/rusher-crusher/
sausage-flip.html,https://classroom6x.gitlab.io/sausage-flip/
school-bus-demolition-derby.html,https://classroom6x.gitlab.io/school-bus-demolition-derby/
scrap-divers.html,https://classroom6x.gitlab.io/scrap-divers/
scrap-metal.html,https://classroom6x.gitlab.io/scrap-metal/
shady-bears.html,https://classroom6x.gitlab.io/shady-bears/
shape-fold-animals.html,https://classroom6x.gitlab.io/shape-fold-animals/
shape-fold-html5.html,https://classroom6x.gitlab.io/shape-fold-html5/
sharkio.html,https://classroom6x.gitlab.io/sharkio/
shoot-stickman.html,https://classroom6x.gitlab.io/shoot-stickman/
shootz.html,https://classroom6x.gitlab.io/shootz/
shortcut-race.html,https://classroom6x.gitlab.io/shortcut-race/
short-life.html,https://classroom6x.gitlab.io/short-life/
short-ride.html,https://classroom6x.gitlab.io/short-ride/
simply-prop-hunt.html,https://classroom6x.gitlab.io/simply-prop-hunt/
sink-it.html,https://classroom6x.gitlab.io/sink-it/
sketchbook-04.html,https://classroom6x.gitlab.io/sketchbook-04/
skibidi-shooter.html,https://classroom6x.gitlab.io/skibidi-shooter/
skiing-fred.html,https://classroom6x.gitlab.io/skiing-fred/
slime-laboratory.html,https://classroom6x.gitlab.io/slime-laboratory/
slime-laboratory-3.html,https://classroom6x.gitlab.io/slime-laboratory-3/
slime-road.html,https://classroom6x.gitlab.io/slime-road/
sling-drift.html,https://classroom6x.gitlab.io/sling-drift/
sling-kong.html,https://classroom6x.gitlab.io/sling-kong/
slope.html,https://classroom6x.gitlab.io/slope/
slope-2.html,https://classroom6x.gitlab.io/slope-2/
slope-2-multiplayer.html,https://classroom6x.gitlab.io/slope-2-multiplayer/
slope-3.html,https://classroom6x.gitlab.io/slope-3/
slope-city.html,https://classroom6x.gitlab.io/slope-city/
slope-tunnel.html,https://classroom6x.gitlab.io/slope-tunnel/
slopey.html,https://classroom6x.gitlab.io/slopey/
slot-car-racing.html,https://classroom6x.gitlab.io/slot-car-racing/
smash-karts.html,https://classroom6x.gitlab.io/smash-karts/
snail-bob-6.html,https://classroom6x.gitlab.io/snail-bob-6/
snakeis-mlg-edition.html,https://classroom6x.gitlab.io/snakeis-mlg-edition/
snake-is-mlg-edition.html,https://classroom6x.gitlab.io/snake-is-mlg-edition/
snakes-and-ladders.html,https://classroom6x.gitlab.io/snakes-and-ladders/
sniper-gun-shooting.html,https://classroom6x.gitlab.io/sniper-gun-shooting/
snow-rider-3d.html,https://classroom6x.gitlab.io/snow-rider-3d/
soccar.html,https://classroom6x.gitlab.io/soccar/
soccer-random.html,https://classroom6x.gitlab.io/soccer-random/
soccer-skills-champions-league.html,https://classroom6x.gitlab.io/soccer-skills-champions-league/
soccer-skills-euro-cup.html,https://classroom6x.gitlab.io/soccer-skills-euro-cup/
soccer-skills-world-cup.html,https://classroom6x.gitlab.io/soccer-skills-world-cup/
solitaire.html,https://classroom6x.gitlab.io/solitaire/
solitaire-reverse.html,https://classroom6x.gitlab.io/solitaire-reverse/
space-major-miner.html,https://classroom6x.gitlab.io/space-major-miner/
speed-boat-extreme-racing.html,https://classroom6x.gitlab.io/speed-boat-extreme-racing/
speed-pool-king.html,https://classroom6x.gitlab.io/speed-pool-king/
spider-solitaire.html,https://classroom6x.gitlab.io/spider-solitaire/
squish-run.html,https://classroom6x.gitlab.io/squish-run/
stack.html,https://classroom6x.gitlab.io/stack/
stack-ball.html,https://classroom6x.gitlab.io/stack-ball/
stack-bump-3d.html,https://classroom6x.gitlab.io/stack-bump-3d/
stack-city.html,https://classroom6x.gitlab.io/stack-city/
stacktris.html,https://classroom6x.gitlab.io/stacktris/
stair-race-3d.html,https://classroom6x.gitlab.io/stair-race-3d/
stealing-the-diamond.html,https://classroom6x.gitlab.io/stealing-the-diamond/
stick-defenders.html,https://classroom6x.gitlab.io/stick-defenders/
stick-fighter.html,https://classroom6x.gitlab.io/stick-fighter/
stickman-archero-fight.html,https://classroom6x.gitlab.io/stickman-archero-fight/
stickman-army-team-battle.html,https://classroom6x.gitlab.io/stickman-army-team-battle/
stickman-army-the-resistance.html,https://classroom6x.gitlab.io/stickman-army-the-resistance/
stickman-bike.html,https://classroom6x.gitlab.io/stickman-bike/
stickman-bike-pr.html,https://classroom6x.gitlab.io/stickman-bike-pr/
stickman-boxing-ko-champion.html,https://classroom6x.gitlab.io/stickman-boxing-ko-champion/
stickman-bridge-constructor.html,https://classroom6x.gitlab.io/stickman-bridge-constructor/
stickman-climb-2.html,https://classroom6x.gitlab.io/stickman-climb-2/
stickman-crazy-box.html,https://classroom6x.gitlab.io/stickman-crazy-box/
stickman-fighter-epic-battle-2.html,https://classroom6x.gitlab.io/stickman-fighter-epic-battle-2/
stickman-fighter-mega-brawl.html,https://classroom6x.gitlab.io/stickman-fighter-mega-brawl/
stickman-fight-ragdoll.html,https://classroom6x.gitlab.io/stickman-fight-ragdoll/
stickman-golf.html,https://classroom6x.gitlab.io/stickman-golf/
stickman-hook.html,https://classroom6x.gitlab.io/stickman-hook/
stickman-parkour-3.html,https://classroom6x.gitlab.io/stickman-parkour-3/
stickman-ragdoll-crash-fun.html,https://classroom6x.gitlab.io/stickman-ragdoll-crash-fun/
stickman-run.html,https://classroom6x.gitlab.io/stickman-run/
stickman-school-run.html,https://classroom6x.gitlab.io/stickman-school-run/
stick-merge.html,https://classroom6x.gitlab.io/stick-merge/
stock-car-hero.html,https://classroom6x.gitlab.io/stock-car-hero/
street-ball-jam.html,https://classroom6x.gitlab.io/street-ball-jam/
striker-dummies.html,https://classroom6x.gitlab.io/striker-dummies/
stunt-car-challenge-3.html,https://classroom6x.gitlab.io/stunt-car-challenge-3/
stupid-zombies.html,https://classroom6x.gitlab.io/stupid-zombies/
stupid-zombies-2.html,https://classroom6x.gitlab.io/stupid-zombies-2/
subway-runner.html,https://classroom6x.gitlab.io/subway-runner/
subway-surfers.html,https://classroom6x.gitlab.io/subway-surfers/
subway-surfers-beijing.html,https://classroom6x.gitlab.io/subway-surfers-beijing/
subway-surfers-houston.html,https://classroom6x.gitlab.io/subway-surfers-houston/
subway-surfers-monaco.html,https://classroom6x.gitlab.io/subway-surfers-monaco/
subway-surfers-newyork.html,https://classroom6x.gitlab.io/subway-surfers-newyork/
subway-surfers-sanfransisco.html,https://classroom6x.gitlab.io/subway-surfers-sanfransisco/
sumo-party.html,https://classroom6x.gitlab.io/sumo-party/
superbattle-2.html,https://classroom6x.gitlab.io/superbattle-2/
superbike-hero.html,https://classroom6x.gitlab.io/superbike-hero/
super-bike-the-champion.html,https://classroom6x.gitlab.io/super-bike-the-champion/
superbrawl.html,https://classroom6x.gitlab.io/superbrawl/
super-hexbee-merger.html,https://classroom6x.gitlab.io/super-hexbee-merger/
super-hot.html,https://classroom6x.gitlab.io/super-hot/
super-liquid-soccer.html,https://classroom6x.gitlab.io/super-liquid-soccer/
super-mario-bros.html,https://classroom6x.gitlab.io/super-mario-bros/
super-mx-the-champion.html,https://classroom6x.gitlab.io/super-mx-the-champion/
supernova.html,https://classroom6x.gitlab.io/supernova/
super-racing-gt-drag-pro.html,https://classroom6x.gitlab.io/super-racing-gt-drag-pro/
super-speeder.html,https://classroom6x.gitlab.io/super-speeder/
super-star-car.html,https://classroom6x.gitlab.io/super-star-car/
super-tunnel-rush.html,https://classroom6x.gitlab.io/super-tunnel-rush/
survival-express.html,https://classroom6x.gitlab.io/survival-express/
swingo.html,https://classroom6x.gitlab.io/swingo/
tag.html,https://classroom6x.gitlab.io/tag/
tag-2.html,https://classroom6x.gitlab.io/tag-2/
tank-trouble-2.html,https://classroom6x.gitlab.io/tank-trouble-2/
tanuki-sunset.html,https://classroom6x.gitlab.io/tanuki-sunset/
temple-of-boom.html,https://classroom6x.gitlab.io/temple-of-boom/
temple-run-2.html,https://classroom6x.gitlab.io/temple-run-2/
temple-run-2-frozen-festival.html,https://classroom6x.gitlab.io/temple-run-2-frozen-festival/
temple-run-2-frozen-shadows.html,https://classroom6x.gitlab.io/temple-run-2-frozen-shadows/
temple-run-2-holi-festival.html,https://classroom6x.gitlab.io/temple-run-2-holi-festival/
temple-run-2-jungle-fall.html,https://classroom6x.gitlab.io/temple-run-2-jungle-fall/
tennis-masters.html,https://classroom6x.gitlab.io/tennis-masters/
tetra-blocks.html,https://classroom6x.gitlab.io/tetra-blocks/
tetris.html,https://classroom6x.gitlab.io/tetris/
tetris-99.html,https://classroom6x.gitlab.io/tetris-99/
tetris-flash.html,https://classroom6x.gitlab.io/tetris-flash/
the-impossible-quiz.html,https://classroom6x.gitlab.io/the-impossible-quiz/
the-little-giant.html,https://classroom6x.gitlab.io/the-little-giant/
there-is-no-game.html,https://classroom6x.gitlab.io/there-is-no-game/
thumb-fighter.html,https://classroom6x.gitlab.io/thumb-fighter/
thumb-fighter-christmas.html,https://classroom6x.gitlab.io/thumb-fighter-christmas/
tictactoe.html,https://classroom6x.gitlab.io/tictactoe/
tiger-simulator-3d.html,https://classroom6x.gitlab.io/tiger-simulator-3d/
tiny-fishing.html,https://classroom6x.gitlab.io/tiny-fishing/
tinytownracing.html,https://classroom6x.gitlab.io/tinytownracing/
tomb-of-the-mask.html,https://classroom6x.gitlab.io/tomb-of-the-mask/
tomb-of-the-mask-color.html,https://classroom6x.gitlab.io/tomb-of-the-mask-color/
toon-off.html,https://classroom6x.gitlab.io/toon-off/
top-speed-3d.html,https://classroom6x.gitlab.io/top-speed-3d/
top-speed-racing-3d.html,https://classroom6x.gitlab.io/top-speed-racing-3d/
total-recoil.html,https://classroom6x.gitlab.io/total-recoil/
touchdowners.html,https://classroom6x.gitlab.io/touchdowners/
tower-of-destiny.html,https://classroom6x.gitlab.io/tower-of-destiny/
traffic-escape.html,https://classroom6x.gitlab.io/traffic-escape/
traffic-mania.html,https://classroom6x.gitlab.io/traffic-mania/
traffic-rider.html,https://classroom6x.gitlab.io/traffic-rider/
traffic-rush.html,https://classroom6x.gitlab.io/traffic-rush/
tricks.html,https://classroom6x.gitlab.io/tricks/
truck-loader.html,https://classroom6x.gitlab.io/truck-loader/
truck-loader-2.html,https://classroom6x.gitlab.io/truck-loader-2/
truck-loader-3.html,https://classroom6x.gitlab.io/truck-loader-3/
truck-loader-4.html,https://classroom6x.gitlab.io/truck-loader-4/
truck-loader-5.html,https://classroom6x.gitlab.io/truck-loader-5/
tube-jumpers.html,https://classroom6x.gitlab.io/tube-jumpers/
tunnel-rush.html,https://classroom6x.gitlab.io/tunnel-rush/
turbo-moto-racer.html,https://classroom6x.gitlab.io/turbo-moto-racer/
two-ball-3d-dark.html,https://classroom6x.gitlab.io/two-ball-3d-dark/
two-button-bounce.html,https://classroom6x.gitlab.io/two-button-bounce/
two-neon-boxes.html,https://classroom6x.gitlab.io/two-neon-boxes/
ultimate-car-driving.html,https://classroom6x.gitlab.io/ultimate-car-driving/
ultimate-tic-tac-toe.html,https://classroom6x.gitlab.io/ultimate-tic-tac-toe/
unicycle-hero.html,https://classroom6x.gitlab.io/unicycle-hero/
unicycle-legend.html,https://classroom6x.gitlab.io/unicycle-legend/
vectaria-io.html,https://classroom6x.gitlab.io/vectaria-io/
vex-4.html,https://classroom6x.gitlab.io/vex-4/
vex-5.html,https://classroom6x.gitlab.io/vex-5/
vex-6.html,https://classroom6x.gitlab.io/vex-6/
vex-7.html,https://classroom6x.gitlab.io/vex-7/
vex-8.html,https://classroom6x.gitlab.io/vex-8/
village-craft.html,https://classroom6x.gitlab.io/village-craft/
volleyball-challenge.html,https://classroom6x.gitlab.io/volleyball-challenge/
volley-random.html,https://classroom6x.gitlab.io/volley-random/
war-of-caribbean-pirates.html,https://classroom6x.gitlab.io/war-of-caribbean-pirates/
water-color-sort.html,https://classroom6x.gitlab.io/water-color-sort/
we-become-what-we-behold.html,https://classroom6x.gitlab.io/we-become-what-we-behold/
we-skate.html,https://classroom6x.gitlab.io/we-skate/
westoon.html,https://classroom6x.gitlab.io/westoon/
where-is-my-cat.html,https://classroom6x.gitlab.io/where-is-my-cat/
who-is.html,https://classroom6x.gitlab.io/who-is/
wizard-mike.html,https://classroom6x.gitlab.io/wizard-mike/
wood-blocks-3d.html,https://classroom6x.gitlab.io/wood-blocks-3d/
word-city-crossed.html,https://classroom6x.gitlab.io/word-city-crossed/
word-city-uncrossed.html,https://classroom6x.gitlab.io/word-city-uncrossed/
wordle-unlimited.html,https://classroom6x.gitlab.io/wordle-unlimited/
words-search-classic-edition.html,https://classroom6x.gitlab.io/words-search-classic-edition/
worlds-hardest-game-2.html,https://classroom6x.gitlab.io/worlds-hardest-game-2/
worlds-hardest-game-3.html,https://classroom6x.gitlab.io/worlds-hardest-game-3/
wrassling.html,https://classroom6x.gitlab.io/wrassling/
yarn-untangle.html,https://classroom6x.gitlab.io/yarn-untangle/
yohohoio.html,https://classroom6x.gitlab.io/yohohoio/
zeepkist-crash-2d.html,https://classroom6x.gitlab.io/zeepkist-crash-2d/
zen-blocks.html,https://classroom6x.gitlab.io/zen-blocks/
zombie-derby-pixel-survival.html,https://classroom6x.gitlab.io/zombie-derby-pixel-survival/
zombie-outbreak-arena.html,https://classroom6x.gitlab.io/zombie-outbreak-arena/
zombie-siege-outbreak.html,https://classroom6x.gitlab.io/zombie-siege-outbreak/
zombotag.html,https://classroom6x.gitlab.io/zombotag/
zoom-be-2.html,https://classroom6x.gitlab.io/zoom-be-2/
zoom-be-3.html,https://classroom6x.gitlab.io/zoom-be-3/
friday-night-funkin-vs-shaggy-x-matt.html,https://ghgstore311.github.io/fnf3/class-347
friday-night-funkin-vs-xe.html,https://ghgstore311.github.io/fnf3/class-350
riddle-school.html,https://ghgstore311.github.io/g/class-559
three-goblets.html,https://ghgstore311.github.io/g/class-660
flappy-bird.html,https://ghgstore311.github.io/g16/class-435
shape-fold-nature.html,https://ghgstore311.github.io/g177/class-295
shape-fold.html,https://ghgstore311.github.io/g177/class-296
rolling-sky.html,https://ghgstore311.github.io/g2/class-617
rio-rex.html,https://ghgstore311.github.io/g2/class-771
slalom-hero.html,https://ghgstore311.github.io/g22/class-354
throw-it-higher.html,https://ghgstore311.github.io/g22/class-430
onion-boy.html,https://ghgstore311.github.io/g26/class-821
duo-vikings.html,https://ghgstore311.github.io/g3/class-312
zoom-be.html,https://ghgstore311.github.io/g3/class-316
element-bblocks.html,https://ghgstore311.github.io/g3/class-317
orange.html,https://ghgstore311.github.io/g3/class-331
pizzafall.html,https://ghgstore311.github.io/g4/class-169
tumble-wrestling.html,https://ghgstore311.github.io/g4/class-172
stick-fortress.html,https://ghgstore311.github.io/g4/class-173
time-clones.html,https://ghgstore311.github.io/g4/class-175
ledge-throw.html,https://ghgstore311.github.io/g4/class-177
platform-countdown.html,https://ghgstore311.github.io/g4/class-178
hop-warp.html,https://ghgstore311.github.io/g4/class-180
connect-248.html,https://ghgstore311.github.io/g4/class-184
lines-to-fill.html,https://ghgstore311.github.io/g4/class-186
rhomb.html,https://ghgstore311.github.io/g4/class-187
sudoku-village.html,https://ghgstore311.github.io/g4/class-189
ultimate-sudoku.html,https://ghgstore311.github.io/g4/class-190
impossible-13.html,https://ghgstore311.github.io/g4/class-191
pixel-puzzles.html,https://ghgstore311.github.io/g4/class-192
logic-master-1.html,https://ghgstore311.github.io/g4/class-193
its-story-time.html,https://ghgstore311.github.io/g4/class-194
hangman.html,https://ghgstore311.github.io/g4/class-195
trivia-crack.html,https://ghgstore311.github.io/g4/class-196
light-the-lamp.html,https://ghgstore311.github.io/g4/class-197
unpuzzler.html,https://ghgstore311.github.io/g4/class-198
gem-11.html,https://ghgstore311.github.io/g4/class-200
jr-chess.html,https://ghgstore311.github.io/g4/class-201
refuge-solitaire.html,https://ghgstore311.github.io/g4/class-205
tingly-ppyramid-solitaire.html,https://ghgstore311.github.io/g4/class-206
kubi-pets.html,https://ghgstore311.github.io/g4/class-207
combo-crusader.html,https://ghgstore311.github.io/g4/class-208
sudoku.html,https://ghgstore311.github.io/g4/class-210
jungle-bubble-shooter-mania.html,https://ghgstore311.github.io/g4/class-211
jigsaw-photo-puzzle-summer.html,https://ghgstore311.github.io/g4/class-212
jigsaw-photo-puzzle-winter.html,https://ghgstore311.github.io/g4/class-214
photo-puzzle-slide-edition.html,https://ghgstore311.github.io/g4/class-215
mahjong.html,https://ghgstore311.github.io/g4/class-216
classic-mahjong.html,https://ghgstore311.github.io/g4/class-217
mahjong-linker-kyodai-game.html,https://ghgstore311.github.io/g4/class-218
sweety-mahjong.html,https://ghgstore311.github.io/g4/class-219
chessformer.html,https://ghgstore311.github.io/g4/class-220
chess-grandmaster.html,https://ghgstore311.github.io/g4/class-221
goose-game.html,https://ghgstore311.github.io/g4/class-222
math-mahjong-relax.html,https://ghgstore311.github.io/g4/class-224
lords-of-gomoku.html,https://ghgstore311.github.io/g4/class-225
rainbow-star-pinball.html,https://ghgstore311.github.io/g4/class-226
teleport-jumper.html,https://ghgstore311.github.io/g4/class-227
mini-train.html,https://ghgstore311.github.io/g4/class-228
flags-quiz.html,https://ghgstore311.github.io/g4/class-229
cute-puzzle-witch.html,https://ghgstore311.github.io/g4/class-230
cover-orange-wild-west.html,https://ghgstore311.github.io/g4/class-231
cover-orange-journey.html,https://ghgstore311.github.io/g4/class-233
merge-to-million.html,https://ghgstore311.github.io/g4/class-234
prismo-puzzles.html,https://ghgstore311.github.io/g4/class-235
duck-pond-mahjong.html,https://ghgstore311.github.io/g4/class-236
pre-civilization-bronze-age.html,https://ghgstore311.github.io/g5/class-557
jet-boy.html,https://ghgstore311.github.io/g5/class-796
zooplop.html,https://ghgstore311.github.io/g50/class-1
rush-race-motocross.html,https://ghgstore311.github.io/g50/class-10
puffy-cat.html,https://ghgstore311.github.io/g50/class-13
life-choices-life-simulator.html,https://ghgstore311.github.io/g50/class-16
lava-bird.html,https://ghgstore311.github.io/g50/class-17
world-conquest.html,https://ghgstore311.github.io/g50/class-2
iidle-cowshed.html,https://ghgstore311.github.io/g50/class-20
freefall-apart.html,https://ghgstore311.github.io/g50/class-23
draw-pixel-art.html,https://ghgstore311.github.io/g50/class-25
castle-of-chaos.html,https://ghgstore311.github.io/g50/class-28
toaster-dash.html,https://ghgstore311.github.io/g50/class-3
tank-ball-monster-battle.html,https://ghgstore311.github.io/g50/class-4
sudoku-calendar.html,https://ghgstore311.github.io/g50/class-5
space-thing.html,https://ghgstore311.github.io/g50/class-8
snake-solver.html,https://ghgstore311.github.io/g50/class-9
word-monsters.html,https://ghgstore311.github.io/g6/class-147
word-boss.html,https://ghgstore311.github.io/g6/class-149
flags-maniac.html,https://ghgstore311.github.io/g6/class-150
wordoku.html,https://ghgstore311.github.io/g6/class-151
mummys-path-deluxe.html,https://ghgstore311.github.io/g6/class-152
wordy-pop.html,https://ghgstore311.github.io/g6/class-153
typing-fighter.html,https://ghgstore311.github.io/g6/class-154
twice.html,https://ghgstore311.github.io/g6/class-156
onet-fruit-classic.html,https://ghgstore311.github.io/g6/class-160
cubinko.html,https://ghgstore311.github.io/g6/class-161
genie-quest.html,https://ghgstore311.github.io/g6/class-162
forgotten-hill-memento-love-beyond.html,https://ghgstore311.github.io/g6/class-164
pink.html,https://ghgstore311.github.io/g6/class-166
one-button-bounce.html,https://ghgstore311.github.io/g6/class-167
fun-water-sorting.html,https://ghgstore311.github.io/g6/class-168
survivor-in-rainbow-monster.html,https://ghgstore311.github.io/g69/class-613
swatforce-vs-terrorists.html,https://ghgstore311.github.io/g69/class-729
tiny-town-racing.html,https://ghgstore311.github.io/g69/class-765
water-polo-ragdoll.html,https://ghgstore311.github.io/g7/class-71
doctor-teeth.html,https://ghgstore311.github.io/g7/class-76
doctor-acorn-3.html,https://ghgstore311.github.io/g7/class-78
papas-cheeseria.html,https://ghgstore311.github.io/g7/class-79
finger-cook.html,https://ghgstore311.github.io/g7/class-83
pull-my-tongue.html,https://ghgstore311.github.io/g7/class-84
super-girl-story.html,https://ghgstore311.github.io/g7/class-85
villain-quinn-my-drawing-portfolio.html,https://ghgstore311.github.io/g7/class-88
hipster-vs-rockers.html,https://ghgstore311.github.io/g7/class-89
popit-vs-spinner.html,https://ghgstore311.github.io/g7/class-91
restaurant-aand-cooking.html,https://ghgstore311.github.io/g7/class-95
idle-miner.html,https://ghgstore311.github.io/g72/class-530
merge-cakes.html,https://ghgstore311.github.io/g72/class-600
nugget-royale.html,https://ghgstore311.github.io/g74/class-251
nightpointio.html,https://ghgstore311.github.io/g74/class-252
ducklingsio.html,https://ghgstore311.github.io/g74/class-263
pirates-merger.html,https://ghgstore311.github.io/g77/class-35
papas-pizzeria.html,https://ghgstore311.github.io/g77/class-36
papas-pancakeria.html,https://ghgstore311.github.io/g77/class-38
papa-louie-when-pizzas-attack.html,https://ghgstore311.github.io/g77/class-39
papas-taco-mia.html,https://ghgstore311.github.io/g77/class-40
papas-hotdoggeria.html,https://ghgstore311.github.io/g77/class-41
thunderdogs-io.html,https://ghgstore311.github.io/g77/class-43
hop-chop.html,https://ghgstore311.github.io/g77/class-44
pond-rrace.html,https://ghgstore311.github.io/g77/class-46
grow-up-the-cats.html,https://ghgstore311.github.io/g77/class-47
super-fowlst-2.html,https://ghgstore311.github.io/g77/class-49
sky-mad.html,https://ghgstore311.github.io/g77/class-53
rally-point-2.html,https://ghgstore311.github.io/g77/class-54
freeway-fury.html,https://ghgstore311.github.io/g77/class-56
final-ninja-html5.html,https://ghgstore311.github.io/g77/class-57
skateboard-hero.html,https://ghgstore311.github.io/g77/class-59
gladiator-true-story.html,https://ghgstore311.github.io/g77/class-65
towntopia.html,https://ghgstore311.github.io/g8/class-100
funny-eye-surgery.html,https://ghgstore311.github.io/g8/class-102
yokai-dungeon.html,https://ghgstore311.github.io/g8/class-104
pony-run-magic-trails.html,https://ghgstore311.github.io/g8/class-105
puffy-cat-2.html,https://ghgstore311.github.io/g8/class-106
funny-ear-surgery.html,https://ghgstore311.github.io/g8/class-107
ice-cream-please.html,https://ghgstore311.github.io/g8/class-108
yummy-toast.html,https://ghgstore311.github.io/g8/class-109
princess-room-cleaning.html,https://ghgstore311.github.io/g8/class-111
dungeons-dressups.html,https://ghgstore311.github.io/g8/class-114
funny-dentist-surgery.html,https://ghgstore311.github.io/g8/class-115
la-petite-avril.html,https://ghgstore311.github.io/g8/class-116
true-love-calculator.html,https://ghgstore311.github.io/g8/class-118
glam-girl-dress-up-and-makeover.html,https://ghgstore311.github.io/g8/class-124
forgotten-hill-the-wardrobe-4.html,https://ghgstore311.github.io/g8/class-125
one-hundred-castles-solitaire.html,https://ghgstore311.github.io/g8/class-128
monster-merge.html,https://ghgstore311.github.io/g8/class-130
snake.html,https://ghgstore311.github.io/g8/class-135
pizzapunk.html,https://ghgstore311.github.io/g8/class-136
twirl.html,https://ghgstore311.github.io/g8/class-138
footyzag.html,https://ghgstore311.github.io/g8/class-143
meow-merge.html,https://ghgstore311.github.io/g8/class-96
cat-coffee-shop.html,https://ghgstore311.github.io/g8/class-97
funny-throat-surgery.html,https://ghgstore311.github.io/g8/class-98
zuma-boom.html,https://ghgstore311.github.io/g8/class-99
google-feud.html,https://ghgstore311.github.io/g97/class-473
